Cedula;Nombre;Agencia;Asociado;actualizacion_datos;fecha_expedicion;fecha_nacimiento
77000001;Andrea Paola Rincón Mejía;BOGOTA;SI;02/08/2026;14/03/2008;12/04/1980
77000002;Carlos Andrés Peña Suárez;BOGOTA;SI;02/05/2026;22/07/2010;03/09/1975
77000003;Luz Marina Ocampo Díaz;BOGOTA NORTE;SI;02/09/2026;09/01/2012;25/01/1988
77000004;Jorge Eliécer Bautista Ruiz;MEDELLIN;SI;02/02/2026;30/11/2005;17/06/1969
77000005;Diana Marcela Castaño Vélez;MEDELLIN;SI;02/07/2026;18/05/2009;08/11/1984
77000006;Héctor Fabio Lozano Muñoz;CALI;SI;02/04/2026;02/08/2011;30/03/1979
77000007;Paola Andrea Quintero Ríos;CALI;SI;02/12/2025;25/02/2003;14/07/1990
77000008;Ricardo José Salcedo Pérez;CARTAGENA;SI;02/06/2026;11/10/2007;21/02/1972
77000009;Mónica Patricia Herrera Gil;PTO. MAMONAL;SI;02/03/2026;06/06/2006;05/10/1983
77000010;Fernando Antonio Duarte León;BUCARAMANGA;SI;02/08/2026;19/09/2013;19/12/1986
77000011;Sandra Milena Torres Cano;BARRANCABERMEJA;SI;02/01/2026;28/04/2004;27/05/1977
77000012;Óscar Iván Moreno Plata;CUCUTA;SI;02/09/2026;15/12/2014;09/08/1992
77000013;Claudia Lorena Vargas Niño;NEIVA;SI;02/11/2025;03/03/2002;02/03/1970
77000014;Julián David Arango Zapata;MANIZALES;SI;02/05/2026;21/07/2015;16/09/1989
77000015;Natalia Andrea Guzmán Rojas;VILLAVICENCIO;SI;02/07/2026;08/08/2016;23/11/1991
77000016;Edwin Alberto Cárdenas Mora;ORITO;SI;02/04/2026;17/01/2009;11/01/1982
77000017;Yolanda Esther Pacheco Ruiz;PASTO;SI;02/06/2026;12/05/2001;28/06/1968
77000018;Mauricio Javier Ospina Lara;BOGOTA;NO;02/08/2026;27/10/2006;06/04/1985
77000019;Gloria Inés Restrepo Sáenz;BOGOTA;SI;02/07/2025;04/02/2000;13/10/1965
77000020;Wilson Enrique Mejía Barón;CALI;SI;;13/09/2011;20/08/1981
