Documento;Nombre;Cedula asociado;fecha_nacimiento
1100770001;Sofía Rincón Peña;77000001;14/02/2016
1100770002;Samuel Rincón Peña;77000001;03/07/2019
1100770003;Valentina Peña Ocampo;77000002;22/09/2014
1100770004;Mateo Bautista Castaño;77000004;10/05/2013
1100770005;Isabella Bautista Castaño;77000004;18/12/2017
1100770006;Emiliano Castaño Vélez;77000005;07/03/2015
1100770007;Martina Lozano Quintero;77000006;25/06/2018
1100770008;Jerónimo Lozano Quintero;77000006;01/11/2020
1100770009;Salomé Quintero Ríos;77000007;12/08/2012
1100770010;Tomás Salcedo Herrera;77000008;29/04/2016
1100770011;Antonella Herrera Gil;77000009;16/01/2014
1100770012;Santiago Duarte Torres;77000010;04/10/2013
1100770013;Mariana Duarte Torres;77000010;21/05/2019
1100770014;Gabriel Moreno Vargas;77000012;09/09/2015
1100770015;Luciana Arango Guzmán;77000014;27/02/2017
1100770016;Daniel Arango Guzmán;77000014;13/06/2021
1100770017;Victoria Cárdenas Pacheco;77000016;05/12/2012
1100770018;Nicolás Cárdenas Pacheco;77000016;19/03/2018
1100770019;Juliana Ospina Restrepo;77000018;08/07/2016
1100770020;Agustín Mejía Barón;77000020;30/10/2014
